{"cameraMode":{"drawMode":0,"name":"Shaded","section":"Shading Mode"},"sceneLighting":true,"audioPlay":false,"sceneViewState":{"m_AlwaysRefresh":false,"showFog":true,"showSkybox":true,"showFlares":true,"showImageEffects":true,"showParticleSystems":true,"showVisualEffectGraphs":true,"m_FxEnabled":true},"in2DMode":false,"pivot":{"x":13.218894958496094,"y":19.796600341796876,"z":37.06325912475586},"rotation":{"x":0.0030806639697402717,"y":-0.9876292943954468,"z":0.15564531087875367,"w":0.01954740658402443},"size":2.4233808517456056,"orthographic":false}