{"cameraMode":{"drawMode":0,"name":"Shaded","section":"Shading Mode"},"sceneLighting":true,"audioPlay":false,"sceneViewState":{"m_AlwaysRefresh":false,"showFog":true,"showSkybox":true,"showFlares":true,"showImageEffects":true,"showParticleSystems":true,"showVisualEffectGraphs":true,"m_FxEnabled":true},"in2DMode":false,"pivot":{"x":892.8530883789063,"y":308.85675048828127,"z":1267.7574462890625},"rotation":{"x":-0.051244981586933139,"y":-0.04102054610848427,"z":0.0021011591888964178,"w":-0.9978707432746887},"size":1208.02294921875,"orthographic":false}