{"cameraMode":{"drawMode":0,"name":"Shaded","section":"Shading Mode"},"sceneLighting":true,"audioPlay":false,"sceneViewState":{"m_AlwaysRefresh":false,"showFog":true,"showSkybox":true,"showFlares":true,"showImageEffects":true,"showParticleSystems":true,"showVisualEffectGraphs":true,"m_FxEnabled":true},"in2DMode":false,"pivot":{"x":619.4244384765625,"y":15.454244613647461,"z":96.51177978515625},"rotation":{"x":-0.017689863219857217,"y":0.00599236786365509,"z":0.00010430270776851103,"w":0.9998382925987244},"size":441.004638671875,"orthographic":false}