{"cameraMode":{"drawMode":0,"name":"Shaded","section":"Shading Mode"},"sceneLighting":true,"audioPlay":false,"sceneViewState":{"m_AlwaysRefresh":false,"showFog":true,"showSkybox":true,"showFlares":true,"showImageEffects":true,"showParticleSystems":true,"showVisualEffectGraphs":true,"m_FxEnabled":true},"in2DMode":false,"pivot":{"x":299.27618408203127,"y":224.86546325683595,"z":73.697021484375},"rotation":{"x":-0.03264528885483742,"y":-0.0494607649743557,"z":-0.0016197121003642679,"w":0.9982540011405945},"size":100.93788146972656,"orthographic":false}